"Table 1.1 Total Arrivals(a) by State of Residence/Stay(b), Jan-1991 to Jun-2021(c)",,,,,,,,,,,,,,,,,,,,,,,,,,,,,,,,,,,,,,,,,,,,,,,,,,,,,,
Month,NSW,Vic.,Qld,SA,WA,Tas.,NT,ACT,Australia(d),,,,,,,,,,,,,,,,,,,,,,,,,,,,,,,,,,,,,,,,,,,,,
Jan-1991,200040,94560,79590,19330,44510,3380,4390,7790,462080,,,,,,,,,,,,,,,,,,,,,,,,,,,,,,,,,,,,,,,,,,,,,
Feb-1991,145330,72500,62360,13580,35830,4260,2510,7270,350090,,,,,,,,,,,,,,,,,,,,,,,,,,,,,,,,,,,,,,,,,,,,,
Mar-1991,148690,69330,70250,12990,33420,2760,1810,5280,349970,,,,,,,,,,,,,,,,,,,,,,,,,,,,,,,,,,,,,,,,,,,,,
Apr-1991,128400,57320,61330,11760,33880,1690,3460,4170,306940,,,,,,,,,,,,,,,,,,,,,,,,,,,,,,,,,,,,,,,,,,,,,
May-1991,126650,58060,65310,10830,33110,2040,3470,3730,308760,,,,,,,,,,,,,,,,,,,,,,,,,,,,,,,,,,,,,,,,,,,,,
Jun-1991,130490,60390,86850,12100,33160,3200,3630,5380,342200,,,,,,,,,,,,,,,,,,,,,,,,,,,,,,,,,,,,,,,,,,,,,
Jul-1991,180370,81970,88860,16110,37280,2280,5210,7050,427590,,,,,,,,,,,,,,,,,,,,,,,,,,,,,,,,,,,,,,,,,,,,,
Aug-1991,165210,74280,78230,13680,35910,2620,4500,5870,387990,,,,,,,,,,,,,,,,,,,,,,,,,,,,,,,,,,,,,,,,,,,,,
Sep-1991,167770,76500,79390,15160,38790,4040,3110,6390,400080,,,,,,,,,,,,,,,,,,,,,,,,,,,,,,,,,,,,,,,,,,,,,
Oct-1991,194000,92910,85630,19610,43590,2700,3270,7400,459600,,,,,,,,,,,,,,,,,,,,,,,,,,,,,,,,,,,,,,,,,,,,,
Nov-1991,168630,80490,78460,14110,39370,2480,3110,6540,406660,,,,,,,,,,,,,,,,,,,,,,,,,,,,,,,,,,,,,,,,,,,,,
Dec-1991,171440,75990,85930,14680,42180,3620,3460,6650,415330,,,,,,,,,,,,,,,,,,,,,,,,,,,,,,,,,,,,,,,,,,,,,
Jan-1992,208490,94160,90760,15950,45110,4230,3430,7700,477800,,,,,,,,,,,,,,,,,,,,,,,,,,,,,,,,,,,,,,,,,,,,,
Feb-1992,177030,83750,77910,14370,38950,4080,2590,5440,412270,,,,,,,,,,,,,,,,,,,,,,,,,,,,,,,,,,,,,,,,,,,,,
Mar-1992,166970,67330,74260,12230,35350,3150,2490,4730,375660,,,,,,,,,,,,,,,,,,,,,,,,,,,,,,,,,,,,,,,,,,,,,
Apr-1992,168630,68650,74060,13670,36210,2900,3410,5430,379300,,,,,,,,,,,,,,,,,,,,,,,,,,,,,,,,,,,,,,,,,,,,,
May-1992,144520,62400,76890,12060,29560,2610,3670,4890,341990,,,,,,,,,,,,,,,,,,,,,,,,,,,,,,,,,,,,,,,,,,,,,
Jun-1992,138280,61840,82740,11640,31180,3530,2910,4960,342030,,,,,,,,,,,,,,,,,,,,,,,,,,,,,,,,,,,,,,,,,,,,,
Jul-1992,190320,82110,101150,17080,45700,3670,6040,7740,462380,,,,,,,,,,,,,,,,,,,,,,,,,,,,,,,,,,,,,,,,,,,,,
Aug-1992,168210,73710,85420,14520,39550,3500,4450,6520,403510,,,,,,,,,,,,,,,,,,,,,,,,,,,,,,,,,,,,,,,,,,,,,
Sep-1992,163120,80550,84340,15890,42470,4280,3740,6130,408210,,,,,,,,,,,,,,,,,,,,,,,,,,,,,,,,,,,,,,,,,,,,,
Oct-1992,201120,95400,99230,20130,49980,3680,4460,7190,491610,,,,,,,,,,,,,,,,,,,,,,,,,,,,,,,,,,,,,,,,,,,,,
Nov-1992,188030,82490,93200,16140,43550,3060,3020,6730,440730,,,,,,,,,,,,,,,,,,,,,,,,,,,,,,,,,,,,,,,,,,,,,
Dec-1992,193500,77370,101780,15550,47890,4590,3500,6190,454560,,,,,,,,,,,,,,,,,,,,,,,,,,,,,,,,,,,,,,,,,,,,,
Jan-1993,235300,98710,109460,19330,53350,4520,3890,6600,538170,,,,,,,,,,,,,,,,,,,,,,,,,,,,,,,,,,,,,,,,,,,,,
Feb-1993,190060,81250,83090,14520,42220,4570,2380,6540,430970,,,,,,,,,,,,,,,,,,,,,,,,,,,,,,,,,,,,,,,,,,,,,
Mar-1993,181600,71470,91340,15140,38520,4220,2070,4830,415040,,,,,,,,,,,,,,,,,,,,,,,,,,,,,,,,,,,,,,,,,,,,,
Apr-1993,177210,68860,91540,14150,39570,2460,3620,5020,405630,,,,,,,,,,,,,,,,,,,,,,,,,,,,,,,,,,,,,,,,,,,,,
May-1993,158060,70340,91740,12200,35130,3200,3630,4500,379360,,,,,,,,,,,,,,,,,,,,,,,,,,,,,,,,,,,,,,,,,,,,,
Jun-1993,155660,62620,95520,12490,39960,3190,3040,4150,377660,,,,,,,,,,,,,,,,,,,,,,,,,,,,,,,,,,,,,,,,,,,,,
Jul-1993,217580,86660,104190,16490,49250,3190,4920,8780,491930,,,,,,,,,,,,,,,,,,,,,,,,,,,,,,,,,,,,,,,,,,,,,
Aug-1993,183970,73540,104390,15200,43530,3370,5600,5560,437710,,,,,,,,,,,,,,,,,,,,,,,,,,,,,,,,,,,,,,,,,,,,,
Sep-1993,186260,78120,95320,16900,45080,4250,4720,6790,439160,,,,,,,,,,,,,,,,,,,,,,,,,,,,,,,,,,,,,,,,,,,,,
Oct-1993,243420,89340,107350,19680,55100,4000,5400,7080,534730,,,,,,,,,,,,,,,,,,,,,,,,,,,,,,,,,,,,,,,,,,,,,
Nov-1993,190640,85490,108950,15400,49920,4160,4540,5310,464410,,,,,,,,,,,,,,,,,,,,,,,,,,,,,,,,,,,,,,,,,,,,,
Dec-1993,206130,84270,117000,17250,55240,4800,3300,6540,494540,,,,,,,,,,,,,,,,,,,,,,,,,,,,,,,,,,,,,,,,,,,,,
Jan-1994,243520,104380,108230,18830,58640,4540,4750,6090,548980,,,,,,,,,,,,,,,,,,,,,,,,,,,,,,,,,,,,,,,,,,,,,
Feb-1994,214070,84500,109170,14670,51950,4480,4300,5470,488610,,,,,,,,,,,,,,,,,,,,,,,,,,,,,,,,,,,,,,,,,,,,,
Mar-1994,215970,82670,103060,14280,53100,2720,4380,4730,480920,,,,,,,,,,,,,,,,,,,,,,,,,,,,,,,,,,,,,,,,,,,,,
Apr-1994,202350,72530,93750,13140,45270,2820,4880,5680,440430,,,,,,,,,,,,,,,,,,,,,,,,,,,,,,,,,,,,,,,,,,,,,
May-1994,163350,62840,94740,12650,40910,2730,3810,4820,385850,,,,,,,,,,,,,,,,,,,,,,,,,,,,,,,,,,,,,,,,,,,,,
Jun-1994,171740,69130,102370,12670,43690,3940,5410,5690,414640,,,,,,,,,,,,,,,,,,,,,,,,,,,,,,,,,,,,,,,,,,,,,
Jul-1994,234820,96290,116390,17710,60050,2920,9610,8180,545960,,,,,,,,,,,,,,,,,,,,,,,,,,,,,,,,,,,,,,,,,,,,,
Aug-1994,202050,76000,111950,15260,51790,3120,6760,5600,472530,,,,,,,,,,,,,,,,,,,,,,,,,,,,,,,,,,,,,,,,,,,,,
Sep-1994,197900,89170,114230,17550,50640,4110,6100,6260,485960,,,,,,,,,,,,,,,,,,,,,,,,,,,,,,,,,,,,,,,,,,,,,
Oct-1994,242620,102390,123950,20420,64450,3310,7690,8470,573290,,,,,,,,,,,,,,,,,,,,,,,,,,,,,,,,,,,,,,,,,,,,,
Nov-1994,209510,86580,115590,18240,57020,4000,5100,5890,501920,,,,,,,,,,,,,,,,,,,,,,,,,,,,,,,,,,,,,,,,,,,,,
Dec-1994,225780,91660,133110,15110,63900,5690,5080,6760,547100,,,,,,,,,,,,,,,,,,,,,,,,,,,,,,,,,,,,,,,,,,,,,
Jan-1995,265880,110440,134360,20580,64280,5040,6330,8790,615700,,,,,,,,,,,,,,,,,,,,,,,,,,,,,,,,,,,,,,,,,,,,,
Feb-1995,226040,102280,109680,16740,52190,4430,4050,7610,523840,,,,,,,,,,,,,,,,,,,,,,,,,,,,,,,,,,,,,,,,,,,,,
Mar-1995,214450,85020,114220,16100,53730,3580,4360,5670,498110,,,,,,,,,,,,,,,,,,,,,,,,,,,,,,,,,,,,,,,,,,,,,
Apr-1995,211740,91030,114310,15540,50680,3580,5210,6260,499280,,,,,,,,,,,,,,,,,,,,,,,,,,,,,,,,,,,,,,,,,,,,,
May-1995,183940,69840,111230,12430,41620,2750,6680,5370,434660,,,,,,,,,,,,,,,,,,,,,,,,,,,,,,,,,,,,,,,,,,,,,
Jun-1995,190790,73600,121120,13900,46510,4560,5450,5590,462410,,,,,,,,,,,,,,,,,,,,,,,,,,,,,,,,,,,,,,,,,,,,,
Jul-1995,262690,102770,141480,18130,56980,4020,8610,8060,603750,,,,,,,,,,,,,,,,,,,,,,,,,,,,,,,,,,,,,,,,,,,,,
Aug-1995,216570,83870,136540,17190,53520,3190,6990,6780,525500,,,,,,,,,,,,,,,,,,,,,,,,,,,,,,,,,,,,,,,,,,,,,
Sep-1995,217210,91350,118540,18420,54390,5280,6450,7270,520050,,,,,,,,,,,,,,,,,,,,,,,,,,,,,,,,,,,,,,,,,,,,,
Oct-1995,263570,106170,131050,22730,68020,4000,8960,8230,613300,,,,,,,,,,,,,,,,,,,,,,,,,,,,,,,,,,,,,,,,,,,,,
Nov-1995,232870,94830,127440,18960,58570,4040,5890,7120,550600,,,,,,,,,,,,,,,,,,,,,,,,,,,,,,,,,,,,,,,,,,,,,
Dec-1995,251050,98630,149110,15700,68070,6760,5080,7800,603410,,,,,,,,,,,,,,,,,,,,,,,,,,,,,,,,,,,,,,,,,,,,,
Jan-1996,290390,119120,143150,21360,65170,3950,7530,9280,660750,,,,,,,,,,,,,,,,,,,,,,,,,,,,,,,,,,,,,,,,,,,,,
Feb-1996,261400,106600,141920,16680,64380,5650,4310,7310,609000,,,,,,,,,,,,,,,,,,,,,,,,,,,,,,,,,,,,,,,,,,,,,
Mar-1996,246790,98550,138520,17410,53810,3840,4990,6850,571570,,,,,,,,,,,,,,,,,,,,,,,,,,,,,,,,,,,,,,,,,,,,,
Apr-1996,244830,92100,131980,17270,58020,3010,4930,6530,559260,,,,,,,,,,,,,,,,,,,,,,,,,,,,,,,,,,,,,,,,,,,,,
May-1996,190920,75610,114160,15470,44210,2630,5680,6240,455620,,,,,,,,,,,,,,,,,,,,,,,,,,,,,,,,,,,,,,,,,,,,,
Jun-1996,212720,88440,139200,14020,54250,4320,6110,6210,525410,,,,,,,,,,,,,,,,,,,,,,,,,,,,,,,,,,,,,,,,,,,,,
Jul-1996,262870,111820,166720,21370,63750,3470,9380,7330,646890,,,,,,,,,,,,,,,,,,,,,,,,,,,,,,,,,,,,,,,,,,,,,
Aug-1996,235390,94390,151140,17290,59430,2910,6260,6820,574070,,,,,,,,,,,,,,,,,,,,,,,,,,,,,,,,,,,,,,,,,,,,,
Sep-1996,231460,104670,143340,19540,60970,4520,6180,7720,578680,,,,,,,,,,,,,,,,,,,,,,,,,,,,,,,,,,,,,,,,,,,,,
Oct-1996,282510,120470,149590,22670,75130,4100,8670,9020,672550,,,,,,,,,,,,,,,,,,,,,,,,,,,,,,,,,,,,,,,,,,,,,
Nov-1996,258200,108690,140000,18210,64730,4670,6800,7400,609270,,,,,,,,,,,,,,,,,,,,,,,,,,,,,,,,,,,,,,,,,,,,,
Dec-1996,276510,108160,167800,16500,71340,4380,5480,7510,658620,,,,,,,,,,,,,,,,,,,,,,,,,,,,,,,,,,,,,,,,,,,,,
Jan-1997,302810,131290,156450,21550,72290,5600,5870,7750,703800,,,,,,,,,,,,,,,,,,,,,,,,,,,,,,,,,,,,,,,,,,,,,
Feb-1997,262180,118720,148260,18660,64900,6770,7210,7600,635280,,,,,,,,,,,,,,,,,,,,,,,,,,,,,,,,,,,,,,,,,,,,,
Mar-1997,261410,108140,151530,17440,62800,4200,6190,6600,619190,,,,,,,,,,,,,,,,,,,,,,,,,,,,,,,,,,,,,,,,,,,,,
Apr-1997,227470,98600,134230,17240,59110,4040,4660,6820,552390,,,,,,,,,,,,,,,,,,,,,,,,,,,,,,,,,,,,,,,,,,,,,
May-1997,208830,83660,126870,15150,51110,3170,6070,6690,501710,,,,,,,,,,,,,,,,,,,,,,,,,,,,,,,,,,,,,,,,,,,,,
Jun-1997,220440,92230,142660,16500,57850,4950,6220,6010,547250,,,,,,,,,,,,,,,,,,,,,,,,,,,,,,,,,,,,,,,,,,,,,
Jul-1997,275950,141350,174820,22630,71130,4370,9280,10270,710680,,,,,,,,,,,,,,,,,,,,,,,,,,,,,,,,,,,,,,,,,,,,,
Aug-1997,233190,104230,154510,20500,62150,3840,7060,6830,593040,,,,,,,,,,,,,,,,,,,,,,,,,,,,,,,,,,,,,,,,,,,,,
Sep-1997,246730,114720,149160,21460,67490,4790,7990,7260,619970,,,,,,,,,,,,,,,,,,,,,,,,,,,,,,,,,,,,,,,,,,,,,
Oct-1997,287990,130260,160060,25520,83630,4640,8870,8810,710200,,,,,,,,,,,,,,,,,,,,,,,,,,,,,,,,,,,,,,,,,,,,,
Nov-1997,258800,113270,152140,20990,68470,4320,7290,7520,633830,,,,,,,,,,,,,,,,,,,,,,,,,,,,,,,,,,,,,,,,,,,,,
Dec-1997,262250,115400,155750,22090,72190,6340,5690,7800,647930,,,,,,,,,,,,,,,,,,,,,,,,,,,,,,,,,,,,,,,,,,,,,
Jan-1998,301960,133550,154130,23430,77720,5090,7060,8830,712230,,,,,,,,,,,,,,,,,,,,,,,,,,,,,,,,,,,,,,,,,,,,,
Feb-1998,258940,121670,124890,21050,63420,7300,5400,8610,611750,,,,,,,,,,,,,,,,,,,,,,,,,,,,,,,,,,,,,,,,,,,,,
Mar-1998,239180,108180,127100,19370,63110,4530,4950,8040,574840,,,,,,,,,,,,,,,,,,,,,,,,,,,,,,,,,,,,,,,,,,,,,
Apr-1998,256380,105060,137540,19200,63760,3030,5310,7030,597840,,,,,,,,,,,,,,,,,,,,,,,,,,,,,,,,,,,,,,,,,,,,,
May-1998,216750,97610,126630,16850,59610,3080,6070,6000,532880,,,,,,,,,,,,,,,,,,,,,,,,,,,,,,,,,,,,,,,,,,,,,
Jun-1998,216200,99420,149170,15460,61330,5000,5530,6940,560350,,,,,,,,,,,,,,,,,,,,,,,,,,,,,,,,,,,,,,,,,,,,,
Jul-1998,286620,133020,161360,18920,73730,2710,9560,8330,696680,,,,,,,,,,,,,,,,,,,,,,,,,,,,,,,,,,,,,,,,,,,,,
Aug-1998,258290,103390,146570,18050,67970,3440,7680,6340,614090,,,,,,,,,,,,,,,,,,,,,,,,,,,,,,,,,,,,,,,,,,,,,
Sep-1998,240800,129010,156580,17430,63560,4660,8480,6430,628740,,,,,,,,,,,,,,,,,,,,,,,,,,,,,,,,,,,,,,,,,,,,,
Oct-1998,290090,150390,153630,24630,87750,5520,8450,8180,731040,,,,,,,,,,,,,,,,,,,,,,,,,,,,,,,,,,,,,,,,,,,,,
Nov-1998,254280,126810,139710,23330,74090,3850,6430,7910,638220,,,,,,,,,,,,,,,,,,,,,,,,,,,,,,,,,,,,,,,,,,,,,
Dec-1998,274040,129080,158460,23300,73590,5700,7050,7720,680870,,,,,,,,,,,,,,,,,,,,,,,,,,,,,,,,,,,,,,,,,,,,,
Jan-1999,314160,146740,157790,24900,82290,6210,9360,10100,754350,,,,,,,,,,,,,,,,,,,,,,,,,,,,,,,,,,,,,,,,,,,,,
Feb-1999,272390,127550,138660,21300,71830,4860,7440,7700,653350,,,,,,,,,,,,,,,,,,,,,,,,,,,,,,,,,,,,,,,,,,,,,
Mar-1999,260970,121110,145760,20930,66190,4490,6170,8250,635700,,,,,,,,,,,,,,,,,,,,,,,,,,,,,,,,,,,,,,,,,,,,,
Apr-1999,256760,108610,135120,19140,63450,3030,5620,7190,601850,,,,,,,,,,,,,,,,,,,,,,,,,,,,,,,,,,,,,,,,,,,,,
May-1999,218310,98140,137910,19700,57680,3560,6380,6660,550000,,,,,,,,,,,,,,,,,,,,,,,,,,,,,,,,,,,,,,,,,,,,,
Jun-1999,215440,101370,151370,19760,58260,4870,5910,7180,566700,,,,,,,,,,,,,,,,,,,,,,,,,,,,,,,,,,,,,,,,,,,,,
Jul-1999,290330,139330,174740,24750,78800,3950,12030,10800,734920,,,,,,,,,,,,,,,,,,,,,,,,,,,,,,,,,,,,,,,,,,,,,
Aug-1999,257830,113370,159370,21550,73520,4000,8510,7090,645450,,,,,,,,,,,,,,,,,,,,,,,,,,,,,,,,,,,,,,,,,,,,,
Sep-1999,261350,126310,161660,24720,77210,4950,9280,8340,674170,,,,,,,,,,,,,,,,,,,,,,,,,,,,,,,,,,,,,,,,,,,,,
Oct-1999,304800,154720,172450,31480,85850,4450,11560,10880,776210,,,,,,,,,,,,,,,,,,,,,,,,,,,,,,,,,,,,,,,,,,,,,
Nov-1999,288540,125410,153450,21920,75620,4790,7040,9520,686390,,,,,,,,,,,,,,,,,,,,,,,,,,,,,,,,,,,,,,,,,,,,,
Dec-1999,295410,127940,158270,26520,67490,5640,6700,8050,696410,,,,,,,,,,,,,,,,,,,,,,,,,,,,,,,,,,,,,,,,,,,,,
Jan-2000,312150,151370,153260,27220,86610,5220,6580,11010,753440,,,,,,,,,,,,,,,,,,,,,,,,,,,,,,,,,,,,,,,,,,,,,
Feb-2000,303730,137380,149660,22420,72360,8110,7480,7640,708940,,,,,,,,,,,,,,,,,,,,,,,,,,,,,,,,,,,,,,,,,,,,,
Mar-2000,280620,129770,141990,21570,68320,4140,9910,7030,663510,,,,,,,,,,,,,,,,,,,,,,,,,,,,,,,,,,,,,,,,,,,,,
Apr-2000,302080,130770,159390,25150,68380,4300,7700,9190,707500,,,,,,,,,,,,,,,,,,,,,,,,,,,,,,,,,,,,,,,,,,,,,
May-2000,252680,104050,137690,20990,61070,3260,7120,7590,594550,,,,,,,,,,,,,,,,,,,,,,,,,,,,,,,,,,,,,,,,,,,,,
Jun-2000,244670,107030,155470,23540,62240,5090,9070,8060,615350,,,,,,,,,,,,,,,,,,,,,,,,,,,,,,,,,,,,,,,,,,,,,
Jul-2000,318120,151300,183370,28640,82850,4200,12400,11980,794190,,,,,,,,,,,,,,,,,,,,,,,,,,,,,,,,,,,,,,,,,,,,,
Aug-2000,273790,131060,160830,22400,69810,5160,7990,8020,679450,,,,,,,,,,,,,,,,,,,,,,,,,,,,,,,,,,,,,,,,,,,,,
Sep-2000,368030,136770,136710,23890,64820,4460,6360,11950,753310,,,,,,,,,,,,,,,,,,,,,,,,,,,,,,,,,,,,,,,,,,,,,
Oct-2000,349200,165500,169180,27990,81230,6260,9770,12010,821590,,,,,,,,,,,,,,,,,,,,,,,,,,,,,,,,,,,,,,,,,,,,,
Nov-2000,316230,151490,165810,22570,80170,4980,7820,8390,759550,,,,,,,,,,,,,,,,,,,,,,,,,,,,,,,,,,,,,,,,,,,,,
Dec-2000,345280,145580,178120,27970,95670,8390,8320,10860,820560,,,,,,,,,,,,,,,,,,,,,,,,,,,,,,,,,,,,,,,,,,,,,
Jan-2001,371970,172660,180670,29110,93130,6540,9470,10690,874790,,,,,,,,,,,,,,,,,,,,,,,,,,,,,,,,,,,,,,,,,,,,,
Feb-2001,306740,159900,141240,22300,77310,6540,7550,10380,733150,,,,,,,,,,,,,,,,,,,,,,,,,,,,,,,,,,,,,,,,,,,,,
Mar-2001,290810,134700,160520,22840,75520,4300,8950,8420,707640,,,,,,,,,,,,,,,,,,,,,,,,,,,,,,,,,,,,,,,,,,,,,
Apr-2001,295020,140700,160820,24780,71660,4730,9120,10160,719340,,,,,,,,,,,,,,,,,,,,,,,,,,,,,,,,,,,,,,,,,,,,,
May-2001,255960,110260,139530,17130,57980,4000,7640,8580,603030,,,,,,,,,,,,,,,,,,,,,,,,,,,,,,,,,,,,,,,,,,,,,
Jun-2001,256450,117750,176320,22690,62820,5480,7310,6530,656320,,,,,,,,,,,,,,,,,,,,,,,,,,,,,,,,,,,,,,,,,,,,,
Jul-2001,325530,171570,198170,29960,79930,4420,11850,13710,835280,,,,,,,,,,,,,,,,,,,,,,,,,,,,,,,,,,,,,,,,,,,,,
Aug-2001,280620,129610,169420,23790,70400,4680,8780,10350,697870,,,,,,,,,,,,,,,,,,,,,,,,,,,,,,,,,,,,,,,,,,,,,
Sep-2001,272120,141080,164200,24690,78320,6250,9810,9200,705910,,,,,,,,,,,,,,,,,,,,,,,,,,,,,,,,,,,,,,,,,,,,,
Oct-2001,298490,158940,157180,27620,83470,4880,9260,10150,750270,,,,,,,,,,,,,,,,,,,,,,,,,,,,,,,,,,,,,,,,,,,,,
Nov-2001,254210,128330,134590,20760,66910,5540,6800,8090,625250,,,,,,,,,,,,,,,,,,,,,,,,,,,,,,,,,,,,,,,,,,,,,
Dec-2001,320700,145610,160580,23640,80550,6950,5760,9300,753250,,,,,,,,,,,,,,,,,,,,,,,,,,,,,,,,,,,,,,,,,,,,,
Jan-2002,332890,169500,155490,25100,78140,7410,8350,10500,787590,,,,,,,,,,,,,,,,,,,,,,,,,,,,,,,,,,,,,,,,,,,,,
Feb-2002,288360,151870,145980,20960,76050,7540,6710,10580,708130,,,,,,,,,,,,,,,,,,,,,,,,,,,,,,,,,,,,,,,,,,,,,
Mar-2002,296120,150990,159300,23560,78170,5120,7310,9100,729840,,,,,,,,,,,,,,,,,,,,,,,,,,,,,,,,,,,,,,,,,,,,,
Apr-2002,276690,131350,142930,18940,60720,3620,6640,8930,649940,,,,,,,,,,,,,,,,,,,,,,,,,,,,,,,,,,,,,,,,,,,,,
May-2002,241180,116210,139090,18110,65610,3310,6520,8170,598300,,,,,,,,,,,,,,,,,,,,,,,,,,,,,,,,,,,,,,,,,,,,,
Jun-2002,237710,119810,162780,18700,64740,5690,6890,8580,625020,,,,,,,,,,,,,,,,,,,,,,,,,,,,,,,,,,,,,,,,,,,,,
Jul-2002,314650,163050,190020,27560,79970,4250,9320,12940,801980,,,,,,,,,,,,,,,,,,,,,,,,,,,,,,,,,,,,,,,,,,,,,
Aug-2002,271350,136400,166810,22810,72650,4060,8800,8750,691630,,,,,,,,,,,,,,,,,,,,,,,,,,,,,,,,,,,,,,,,,,,,,
Sep-2002,266780,145030,158400,22480,75670,4910,9360,9450,692100,,,,,,,,,,,,,,,,,,,,,,,,,,,,,,,,,,,,,,,,,,,,,
Oct-2002,332530,168170,183800,29570,87840,4760,8200,13780,828820,,,,,,,,,,,,,,,,,,,,,,,,,,,,,,,,,,,,,,,,,,,,,
Nov-2002,280090,142850,167400,25920,76290,5490,7630,9220,714940,,,,,,,,,,,,,,,,,,,,,,,,,,,,,,,,,,,,,,,,,,,,,
Dec-2002,313320,152050,172870,24480,84880,7370,5700,9080,769760,,,,,,,,,,,,,,,,,,,,,,,,,,,,,,,,,,,,,,,,,,,,,
Jan-2003,353480,173170,175890,25350,85060,6470,6670,12630,838900,,,,,,,,,,,,,,,,,,,,,,,,,,,,,,,,,,,,,,,,,,,,,
Feb-2003,289070,159240,147370,24280,75740,8190,5480,11170,720640,,,,,,,,,,,,,,,,,,,,,,,,,,,,,,,,,,,,,,,,,,,,,
Mar-2003,271710,141300,145680,21380,72270,5460,5990,8950,672780,,,,,,,,,,,,,,,,,,,,,,,,,,,,,,,,,,,,,,,,,,,,,
Apr-2003,235930,109070,134540,18660,58990,4080,5030,7710,574090,,,,,,,,,,,,,,,,,,,,,,,,,,,,,,,,,,,,,,,,,,,,,
May-2003,193930,93810,118890,13510,51330,3150,6620,6650,487890,,,,,,,,,,,,,,,,,,,,,,,,,,,,,,,,,,,,,,,,,,,,,
Jun-2003,212830,105500,138260,16180,56280,4660,5780,6370,545910,,,,,,,,,,,,,,,,,,,,,,,,,,,,,,,,,,,,,,,,,,,,,
Jul-2003,302590,152430,189550,24730,77360,3730,8340,12750,771510,,,,,,,,,,,,,,,,,,,,,,,,,,,,,,,,,,,,,,,,,,,,,
Aug-2003,265000,131070,166880,23250,70150,3980,6890,8350,675570,,,,,,,,,,,,,,,,,,,,,,,,,,,,,,,,,,,,,,,,,,,,,
Sep-2003,278020,148640,173160,22520,81280,6810,7000,9580,727000,,,,,,,,,,,,,,,,,,,,,,,,,,,,,,,,,,,,,,,,,,,,,
Oct-2003,330480,173250,187500,29700,93060,4910,7390,12790,839260,,,,,,,,,,,,,,,,,,,,,,,,,,,,,,,,,,,,,,,,,,,,,
Nov-2003,311300,157500,178350,24210,79140,6950,6050,10380,774060,,,,,,,,,,,,,,,,,,,,,,,,,,,,,,,,,,,,,,,,,,,,,
Dec-2003,339100,166750,190880,25820,88900,8660,5550,11400,837530,,,,,,,,,,,,,,,,,,,,,,,,,,,,,,,,,,,,,,,,,,,,,
Jan-2004,377430,194430,203970,30450,94530,7930,7930,13540,930230,,,,,,,,,,,,,,,,,,,,,,,,,,,,,,,,,,,,,,,,,,,,,
Feb-2004,326340,177510,171300,28030,82770,10350,5270,13560,815130,,,,,,,,,,,,,,,,,,,,,,,,,,,,,,,,,,,,,,,,,,,,,
Mar-2004,296670,160170,171810,25330,78400,5920,5650,10020,754000,,,,,,,,,,,,,,,,,,,,,,,,,,,,,,,,,,,,,,,,,,,,,
Apr-2004,306280,161160,177080,26940,77790,4770,5300,11270,770580,,,,,,,,,,,,,,,,,,,,,,,,,,,,,,,,,,,,,,,,,,,,,
May-2004,268040,133470,161860,22120,64100,4780,6960,9890,671220,,,,,,,,,,,,,,,,,,,,,,,,,,,,,,,,,,,,,,,,,,,,,
Jun-2004,266120,140360,182780,22410,70820,6360,7280,9560,705690,,,,,,,,,,,,,,,,,,,,,,,,,,,,,,,,,,,,,,,,,,,,,
Jul-2004,359890,199530,235820,34990,91350,5970,10150,14850,952560,,,,,,,,,,,,,,,,,,,,,,,,,,,,,,,,,,,,,,,,,,,,,
Aug-2004,304160,153960,197120,24640,80640,5370,8930,10180,785000,,,,,,,,,,,,,,,,,,,,,,,,,,,,,,,,,,,,,,,,,,,,,
Sep-2004,299870,170110,202150,27850,84870,7890,9370,10610,812710,,,,,,,,,,,,,,,,,,,,,,,,,,,,,,,,,,,,,,,,,,,,,
Oct-2004,373070,197170,216270,37210,99520,6650,8590,13240,951720,,,,,,,,,,,,,,,,,,,,,,,,,,,,,,,,,,,,,,,,,,,,,
Nov-2004,326660,175530,193910,26260,92340,6530,6510,10420,838150,,,,,,,,,,,,,,,,,,,,,,,,,,,,,,,,,,,,,,,,,,,,,
Dec-2004,367140,184570,212750,29300,99690,8570,5240,12230,919500,,,,,,,,,,,,,,,,,,,,,,,,,,,,,,,,,,,,,,,,,,,,,
Jan-2005,445360,229320,225620,34970,108940,6730,8580,14300,1073840,,,,,,,,,,,,,,,,,,,,,,,,,,,,,,,,,,,,,,,,,,,,,
Feb-2005,352990,194130,184750,29780,90850,8790,5430,12400,879130,,,,,,,,,,,,,,,,,,,,,,,,,,,,,,,,,,,,,,,,,,,,,
Mar-2005,351620,183080,198040,29960,96550,6910,5750,10740,882640,,,,,,,,,,,,,,,,,,,,,,,,,,,,,,,,,,,,,,,,,,,,,
Apr-2005,324780,167200,182840,26790,83640,6030,6210,12080,809610,,,,,,,,,,,,,,,,,,,,,,,,,,,,,,,,,,,,,,,,,,,,,
May-2005,274970,141490,168720,27720,74140,5590,7780,8270,708680,,,,,,,,,,,,,,,,,,,,,,,,,,,,,,,,,,,,,,,,,,,,,
Jun-2005,287010,150940,195590,24930,80000,6890,7000,11030,763400,,,,,,,,,,,,,,,,,,,,,,,,,,,,,,,,,,,,,,,,,,,,,
Jul-2005,394420,215150,252250,35810,103840,6200,11100,13080,1031850,,,,,,,,,,,,,,,,,,,,,,,,,,,,,,,,,,,,,,,,,,,,,
Aug-2005,320470,170660,213670,30330,86530,4760,9340,11930,847750,,,,,,,,,,,,,,,,,,,,,,,,,,,,,,,,,,,,,,,,,,,,,
Sep-2005,324100,185540,224640,31720,95850,10090,8890,12030,892970,,,,,,,,,,,,,,,,,,,,,,,,,,,,,,,,,,,,,,,,,,,,,
Oct-2005,391250,209120,214530,37960,107680,6610,8250,13970,989370,,,,,,,,,,,,,,,,,,,,,,,,,,,,,,,,,,,,,,,,,,,,,
Nov-2005,327830,181350,189830,29310,89000,6390,6780,11680,842190,,,,,,,,,,,,,,,,,,,,,,,,,,,,,,,,,,,,,,,,,,,,,
Dec-2005,372110,193690,217860,31440,102330,8880,6490,11870,944670,,,,,,,,,,,,,,,,,,,,,,,,,,,,,,,,,,,,,,,,,,,,,
Jan-2006,439840,234030,234850,35680,114820,8570,9390,15220,1092420,,,,,,,,,,,,,,,,,,,,,,,,,,,,,,,,,,,,,,,,,,,,,
Feb-2006,358600,197310,186350,32970,90490,8860,5750,12590,892920,,,,,,,,,,,,,,,,,,,,,,,,,,,,,,,,,,,,,,,,,,,,,
Mar-2006,327870,188570,188740,31430,85910,7150,6290,9900,845850,,,,,,,,,,,,,,,,,,,,,,,,,,,,,,,,,,,,,,,,,,,,,
Apr-2006,339420,168420,195650,30440,88300,6570,8510,12130,849430,,,,,,,,,,,,,,,,,,,,,,,,,,,,,,,,,,,,,,,,,,,,,
May-2006,283520,148210,170720,25900,71800,5410,7140,9830,722640,,,,,,,,,,,,,,,,,,,,,,,,,,,,,,,,,,,,,,,,,,,,,
Jun-2006,283630,166050,197930,27620,77180,7590,7550,12070,779630,,,,,,,,,,,,,,,,,,,,,,,,,,,,,,,,,,,,,,,,,,,,,
Jul-2006,396920,209960,252670,38470,103590,6540,11650,16450,1036240,,,,,,,,,,,,,,,,,,,,,,,,,,,,,,,,,,,,,,,,,,,,,
Aug-2006,313900,172490,209830,33130,88550,5010,10630,11880,845420,,,,,,,,,,,,,,,,,,,,,,,,,,,,,,,,,,,,,,,,,,,,,
Sep-2006,327500,202810,224300,33030,91260,8440,9140,12570,909060,,,,,,,,,,,,,,,,,,,,,,,,,,,,,,,,,,,,,,,,,,,,,
Oct-2006,401640,212490,232280,40520,114460,9100,9480,15540,1035540,,,,,,,,,,,,,,,,,,,,,,,,,,,,,,,,,,,,,,,,,,,,,
Nov-2006,346390,190550,200490,31340,97160,6730,7770,13400,893840,,,,,,,,,,,,,,,,,,,,,,,,,,,,,,,,,,,,,,,,,,,,,
Dec-2006,387920,214790,221710,36010,119580,8910,5660,12970,1007590,,,,,,,,,,,,,,,,,,,,,,,,,,,,,,,,,,,,,,,,,,,,,
Jan-2007,450590,245720,237880,41710,125760,7730,10610,15550,1135590,,,,,,,,,,,,,,,,,,,,,,,,,,,,,,,,,,,,,,,,,,,,,
Feb-2007,368620,205170,192560,34220,100010,8920,6380,13690,929580,,,,,,,,,,,,,,,,,,,,,,,,,,,,,,,,,,,,,,,,,,,,,
Mar-2007,365930,208070,204510,39850,100820,7620,6930,11520,945260,,,,,,,,,,,,,,,,,,,,,,,,,,,,,,,,,,,,,,,,,,,,,
Apr-2007,357600,191570,198840,32830,101110,6270,7670,13790,909670,,,,,,,,,,,,,,,,,,,,,,,,,,,,,,,,,,,,,,,,,,,,,
May-2007,291690,165280,183390,28250,86090,5610,9620,10050,779980,,,,,,,,,,,,,,,,,,,,,,,,,,,,,,,,,,,,,,,,,,,,,
Jun-2007,305030,178090,209470,28090,91720,8270,7580,13390,841640,,,,,,,,,,,,,,,,,,,,,,,,,,,,,,,,,,,,,,,,,,,,,
Jul-2007,402220,228010,254530,39740,122080,7030,14850,17340,1085800,,,,,,,,,,,,,,,,,,,,,,,,,,,,,,,,,,,,,,,,,,,,,
Aug-2007,343590,189080,217320,32940,111800,6800,11780,12970,926260,,,,,,,,,,,,,,,,,,,,,,,,,,,,,,,,,,,,,,,,,,,,,
Sep-2007,347710,197060,230000,36730,110920,10760,10220,13190,956610,,,,,,,,,,,,,,,,,,,,,,,,,,,,,,,,,,,,,,,,,,,,,
Oct-2007,414980,236810,247800,42880,129690,7220,11330,16810,1107580,,,,,,,,,,,,,,,,,,,,,,,,,,,,,,,,,,,,,,,,,,,,,
Nov-2007,369680,206470,212610,34270,110850,7150,9450,13660,964140,,,,,,,,,,,,,,,,,,,,,,,,,,,,,,,,,,,,,,,,,,,,,
Dec-2007,398060,215730,227080,35860,123490,7920,8900,14560,1031710,,,,,,,,,,,,,,,,,,,,,,,,,,,,,,,,,,,,,,,,,,,,,
Jan-2008,474010,259240,248970,42930,142580,9240,12020,18960,1208080,,,,,,,,,,,,,,,,,,,,,,,,,,,,,,,,,,,,,,,,,,,,,
Feb-2008,411130,227370,213630,38500,115910,10750,7560,14590,1039480,,,,,,,,,,,,,,,,,,,,,,,,,,,,,,,,,,,,,,,,,,,,,
Mar-2008,384460,219000,212920,36570,115460,7880,8200,13640,998160,,,,,,,,,,,,,,,,,,,,,,,,,,,,,,,,,,,,,,,,,,,,,
Apr-2008,353470,203180,201000,36490,106620,7160,9100,12790,929810,,,,,,,,,,,,,,,,,,,,,,,,,,,,,,,,,,,,,,,,,,,,,
May-2008,317200,177550,196720,29880,95370,5920,10790,12550,845990,,,,,,,,,,,,,,,,,,,,,,,,,,,,,,,,,,,,,,,,,,,,,
Jun-2008,316190,188170,206650,31450,102840,9580,13870,12560,881290,,,,,,,,,,,,,,,,,,,,,,,,,,,,,,,,,,,,,,,,,,,,,
Jul-2008,440120,244540,258920,42150,133210,8030,17270,19560,1163830,,,,,,,,,,,,,,,,,,,,,,,,,,,,,,,,,,,,,,,,,,,,,
Aug-2008,353780,200120,226660,37660,110050,8350,12780,14700,964100,,,,,,,,,,,,,,,,,,,,,,,,,,,,,,,,,,,,,,,,,,,,,
Sep-2008,338170,210980,222990,35660,115780,10240,12590,12850,959240,,,,,,,,,,,,,,,,,,,,,,,,,,,,,,,,,,,,,,,,,,,,,
Oct-2008,410770,241570,256040,45940,136930,7810,11000,19000,1129070,,,,,,,,,,,,,,,,,,,,,,,,,,,,,,,,,,,,,,,,,,,,,
Nov-2008,356010,212690,210460,36350,112250,8750,10750,14980,962240,,,,,,,,,,,,,,,,,,,,,,,,,,,,,,,,,,,,,,,,,,,,,
Dec-2008,392130,223440,224960,35550,123620,10480,8860,14230,1033260,,,,,,,,,,,,,,,,,,,,,,,,,,,,,,,,,,,,,,,,,,,,,
Jan-2009,468160,272380,253370,43740,158780,10540,13180,18430,1238640,,,,,,,,,,,,,,,,,,,,,,,,,,,,,,,,,,,,,,,,,,,,,
Feb-2009,381520,228270,196730,38830,116940,10520,8100,18040,998940,,,,,,,,,,,,,,,,,,,,,,,,,,,,,,,,,,,,,,,,,,,,,
Mar-2009,355560,215250,204620,35390,113160,9290,8050,12920,954240,,,,,,,,,,,,,,,,,,,,,,,,,,,,,,,,,,,,,,,,,,,,,
Apr-2009,371230,219670,207410,34920,117700,8170,9920,13090,982110,,,,,,,,,,,,,,,,,,,,,,,,,,,,,,,,,,,,,,,,,,,,,
May-2009,313720,183060,194540,33240,102090,6600,11780,12130,857170,,,,,,,,,,,,,,,,,,,,,,,,,,,,,,,,,,,,,,,,,,,,,
Jun-2009,302710,187970,193020,33020,110210,10440,12230,13030,862650,,,,,,,,,,,,,,,,,,,,,,,,,,,,,,,,,,,,,,,,,,,,,
Jul-2009,404120,257070,254220,47630,143390,8460,19300,20810,1155030,,,,,,,,,,,,,,,,,,,,,,,,,,,,,,,,,,,,,,,,,,,,,
Aug-2009,376170,214130,222600,36920,124240,8390,12450,14920,1009820,,,,,,,,,,,,,,,,,,,,,,,,,,,,,,,,,,,,,,,,,,,,,
Sep-2009,362350,233400,238110,41060,130580,12270,12810,14730,1045330,,,,,,,,,,,,,,,,,,,,,,,,,,,,,,,,,,,,,,,,,,,,,
Oct-2009,449120,266470,261340,48460,152700,9230,11730,19990,1219110,,,,,,,,,,,,,,,,,,,,,,,,,,,,,,,,,,,,,,,,,,,,,
Nov-2009,375460,231820,221530,37360,133190,7470,11310,14980,1033140,,,,,,,,,,,,,,,,,,,,,,,,,,,,,,,,,,,,,,,,,,,,,
Dec-2009,434590,253620,234920,40420,139450,10520,9760,15270,1138540,,,,,,,,,,,,,,,,,,,,,,,,,,,,,,,,,,,,,,,,,,,,,
Jan-2010,516870,305000,258330,47540,177790,9020,13440,24010,1352000,,,,,,,,,,,,,,,,,,,,,,,,,,,,,,,,,,,,,,,,,,,,,
Feb-2010,413430,258620,216340,41220,131380,11800,9100,17780,1099660,,,,,,,,,,,,,,,,,,,,,,,,,,,,,,,,,,,,,,,,,,,,,
Mar-2010,391990,241060,219880,40480,136340,9530,9550,15070,1063910,,,,,,,,,,,,,,,,,,,,,,,,,,,,,,,,,,,,,,,,,,,,,
Apr-2010,389460,228890,209670,40300,134480,6580,11270,15160,1035820,,,,,,,,,,,,,,,,,,,,,,,,,,,,,,,,,,,,,,,,,,,,,
May-2010,328820,200430,193210,35430,116300,7040,10790,13860,905910,,,,,,,,,,,,,,,,,,,,,,,,,,,,,,,,,,,,,,,,,,,,,
Jun-2010,337430,216570,215660,35130,124830,11180,10920,13140,964870,,,,,,,,,,,,,,,,,,,,,,,,,,,,,,,,,,,,,,,,,,,,,
Jul-2010,460500,300200,286320,50610,166300,8230,16460,21080,1309700,,,,,,,,,,,,,,,,,,,,,,,,,,,,,,,,,,,,,,,,,,,,,
Aug-2010,390060,244870,237680,40600,136780,7480,14260,18260,1090010,,,,,,,,,,,,,,,,,,,,,,,,,,,,,,,,,,,,,,,,,,,,,
Sep-2010,396340,268640,251330,44040,151380,12750,11510,15020,1151000,,,,,,,,,,,,,,,,,,,,,,,,,,,,,,,,,,,,,,,,,,,,,
Oct-2010,481710,295970,263480,51530,171110,9700,11810,23020,1308330,,,,,,,,,,,,,,,,,,,,,,,,,,,,,,,,,,,,,,,,,,,,,
Nov-2010,403660,255270,227570,38060,140370,8710,9520,15670,1098810,,,,,,,,,,,,,,,,,,,,,,,,,,,,,,,,,,,,,,,,,,,,,
Dec-2010,446740,274110,248980,41060,147880,10030,9610,14270,1192680,,,,,,,,,,,,,,,,,,,,,,,,,,,,,,,,,,,,,,,,,,,,,
Jan-2011,548220,347760,271870,50420,196420,10790,14200,20050,1459720,,,,,,,,,,,,,,,,,,,,,,,,,,,,,,,,,,,,,,,,,,,,,
Feb-2011,441270,284090,213690,41860,143810,11590,11070,19030,1166430,,,,,,,,,,,,,,,,,,,,,,,,,,,,,,,,,,,,,,,,,,,,,
Mar-2011,397460,255800,202720,40220,138790,7930,11640,13340,1067910,,,,,,,,,,,,,,,,,,,,,,,,,,,,,,,,,,,,,,,,,,,,,
Apr-2011,414790,260180,214530,40370,139190,7210,13150,13520,1102930,,,,,,,,,,,,,,,,,,,,,,,,,,,,,,,,,,,,,,,,,,,,,
May-2011,362840,241720,212890,38340,143090,7580,13240,15190,1034900,,,,,,,,,,,,,,,,,,,,,,,,,,,,,,,,,,,,,,,,,,,,,
Jun-2011,347000,232150,210500,37250,133150,10620,12180,13820,996710,,,,,,,,,,,,,,,,,,,,,,,,,,,,,,,,,,,,,,,,,,,,,
Jul-2011,479660,324500,297860,52510,176800,8030,20720,22220,1382310,,,,,,,,,,,,,,,,,,,,,,,,,,,,,,,,,,,,,,,,,,,,,
Aug-2011,405470,271610,245480,42200,155010,7240,14350,13580,1154950,,,,,,,,,,,,,,,,,,,,,,,,,,,,,,,,,,,,,,,,,,,,,
Sep-2011,412290,267070,247660,46110,158470,15170,13640,18350,1178760,,,,,,,,,,,,,,,,,,,,,,,,,,,,,,,,,,,,,,,,,,,,,
Oct-2011,509600,321400,275050,55590,181910,10500,13270,22030,1389340,,,,,,,,,,,,,,,,,,,,,,,,,,,,,,,,,,,,,,,,,,,,,
Nov-2011,412650,279300,229680,43440,153030,9570,11870,18400,1157950,,,,,,,,,,,,,,,,,,,,,,,,,,,,,,,,,,,,,,,,,,,,,
Dec-2011,456540,287130,254540,42880,152200,11870,9910,18150,1233230,,,,,,,,,,,,,,,,,,,,,,,,,,,,,,,,,,,,,,,,,,,,,
Jan-2012,555230,375150,290890,56840,210420,10160,15680,23680,1538040,,,,,,,,,,,,,,,,,,,,,,,,,,,,,,,,,,,,,,,,,,,,,
Feb-2012,448860,305230,221790,48360,161820,13130,13120,22180,1234500,,,,,,,,,,,,,,,,,,,,,,,,,,,,,,,,,,,,,,,,,,,,,
Mar-2012,418000,272660,231250,43900,155160,8470,12180,14500,1156120,,,,,,,,,,,,,,,,,,,,,,,,,,,,,,,,,,,,,,,,,,,,,
Apr-2012,433250,278840,234250,44750,164280,7320,13820,18120,1194630,,,,,,,,,,,,,,,,,,,,,,,,,,,,,,,,,,,,,,,,,,,,,
May-2012,357640,235740,209560,38040,137010,8110,13980,14730,1014810,,,,,,,,,,,,,,,,,,,,,,,,,,,,,,,,,,,,,,,,,,,,,
Jun-2012,372450,252310,238430,41680,148080,12970,14920,16580,1097420,,,,,,,,,,,,,,,,,,,,,,,,,,,,,,,,,,,,,,,,,,,,,
Jul-2012,485970,342900,300270,55930,187440,9850,21050,25890,1429310,,,,,,,,,,,,,,,,,,,,,,,,,,,,,,,,,,,,,,,,,,,,,
Aug-2012,416730,283980,252890,45330,159150,8740,16770,20130,1203720,,,,,,,,,,,,,,,,,,,,,,,,,,,,,,,,,,,,,,,,,,,,,
Sep-2012,425390,294880,267890,48820,166940,13700,14330,20500,1252460,,,,,,,,,,,,,,,,,,,,,,,,,,,,,,,,,,,,,,,,,,,,,
Oct-2012,509360,340490,296300,56090,198610,10330,16790,26320,1454320,,,,,,,,,,,,,,,,,,,,,,,,,,,,,,,,,,,,,,,,,,,,,
Nov-2012,432850,290940,242440,47260,165010,9890,14900,18770,1222060,,,,,,,,,,,,,,,,,,,,,,,,,,,,,,,,,,,,,,,,,,,,,
Dec-2012,483010,313150,268010,49330,164530,12930,12850,19310,1323140,,,,,,,,,,,,,,,,,,,,,,,,,,,,,,,,,,,,,,,,,,,,,
Jan-2013,569860,376360,293940,57970,225790,11830,16990,25690,1578440,,,,,,,,,,,,,,,,,,,,,,,,,,,,,,,,,,,,,,,,,,,,,
Feb-2013,461110,307670,237190,47400,162570,12930,11790,20750,1261420,,,,,,,,,,,,,,,,,,,,,,,,,,,,,,,,,,,,,,,,,,,,,
Mar-2013,442500,292360,251250,47790,166750,9380,14370,15080,1239490,,,,,,,,,,,,,,,,,,,,,,,,,,,,,,,,,,,,,,,,,,,,,
Apr-2013,444230,291100,242230,46420,157300,8440,18790,18320,1226840,,,,,,,,,,,,,,,,,,,,,,,,,,,,,,,,,,,,,,,,,,,,,
May-2013,389380,246440,214910,42490,163350,11160,14440,15700,1097850,,,,,,,,,,,,,,,,,,,,,,,,,,,,,,,,,,,,,,,,,,,,,
Jun-2013,402610,275250,245060,43600,154470,8910,14560,17180,1161650,,,,,,,,,,,,,,,,,,,,,,,,,,,,,,,,,,,,,,,,,,,,,
Jul-2013,516790,366160,315570,60770,194340,12610,18910,26070,1511220,,,,,,,,,,,,,,,,,,,,,,,,,,,,,,,,,,,,,,,,,,,,,
Aug-2013,443410,313400,270380,51760,176200,10920,19630,19020,1304740,,,,,,,,,,,,,,,,,,,,,,,,,,,,,,,,,,,,,,,,,,,,,
Sep-2013,460070,322240,266170,51460,179410,10610,17400,18330,1325700,,,,,,,,,,,,,,,,,,,,,,,,,,,,,,,,,,,,,,,,,,,,,
Oct-2013,544770,355560,307250,62270,206310,15030,17060,24540,1532780,,,,,,,,,,,,,,,,,,,,,,,,,,,,,,,,,,,,,,,,,,,,,
Nov-2013,464740,306580,247370,54500,168200,10600,13610,18240,1283830,,,,,,,,,,,,,,,,,,,,,,,,,,,,,,,,,,,,,,,,,,,,,
Dec-2013,525240,338630,272070,56630,185450,13590,12630,18000,1422260,,,,,,,,,,,,,,,,,,,,,,,,,,,,,,,,,,,,,,,,,,,,,
Jan-2014,632230,409780,318950,69030,256440,13030,19440,25970,1744890,,,,,,,,,,,,,,,,,,,,,,,,,,,,,,,,,,,,,,,,,,,,,
Feb-2014,499000,319850,237550,55660,179070,11600,14180,22120,1339050,,,,,,,,,,,,,,,,,,,,,,,,,,,,,,,,,,,,,,,,,,,,,
Mar-2014,467530,309210,241400,50710,172600,8780,15000,14910,1280150,,,,,,,,,,,,,,,,,,,,,,,,,,,,,,,,,,,,,,,,,,,,,
Apr-2014,476960,318380,254530,52100,184490,9280,19170,16290,1331230,,,,,,,,,,,,,,,,,,,,,,,,,,,,,,,,,,,,,,,,,,,,,
May-2014,424930,287290,225570,49940,156370,10610,15300,17540,1187550,,,,,,,,,,,,,,,,,,,,,,,,,,,,,,,,,,,,,,,,,,,,,
Jun-2014,409160,285740,234330,48930,158630,9550,16660,16420,1179420,,,,,,,,,,,,,,,,,,,,,,,,,,,,,,,,,,,,,,,,,,,,,
Jul-2014,534290,400640,323230,65950,208820,13240,24250,23620,1594110,,,,,,,,,,,,,,,,,,,,,,,,,,,,,,,,,,,,,,,,,,,,,
Aug-2014,468480,325810,281410,57640,179050,10860,20000,19190,1362450,,,,,,,,,,,,,,,,,,,,,,,,,,,,,,,,,,,,,,,,,,,,,
Sep-2014,479740,333300,271930,55690,192420,10110,18510,19340,1381030,,,,,,,,,,,,,,,,,,,,,,,,,,,,,,,,,,,,,,,,,,,,,
Oct-2014,547750,377380,307900,69440,212570,14970,17880,26390,1574500,,,,,,,,,,,,,,,,,,,,,,,,,,,,,,,,,,,,,,,,,,,,,
Nov-2014,480890,336050,250260,51870,172460,13240,17500,20400,1342800,,,,,,,,,,,,,,,,,,,,,,,,,,,,,,,,,,,,,,,,,,,,,
Dec-2014,534950,352790,279240,55680,184240,15040,12690,20910,1455550,,,,,,,,,,,,,,,,,,,,,,,,,,,,,,,,,,,,,,,,,,,,,
Jan-2015,642120,439110,321680,68740,247480,12690,20250,28270,1780350,,,,,,,,,,,,,,,,,,,,,,,,,,,,,,,,,,,,,,,,,,,,,
Feb-2015,516360,366510,257380,55740,171380,12430,13050,23110,1415950,,,,,,,,,,,,,,,,,,,,,,,,,,,,,,,,,,,,,,,,,,,,,
Mar-2015,506490,351950,262130,51500,173790,10500,13230,18480,1388160,,,,,,,,,,,,,,,,,,,,,,,,,,,,,,,,,,,,,,,,,,,,,
Apr-2015,493200,334690,255420,52340,183000,9510,19230,17970,1365370,,,,,,,,,,,,,,,,,,,,,,,,,,,,,,,,,,,,,,,,,,,,,
May-2015,437070,298010,239720,48490,152970,8570,12940,17310,1215090,,,,,,,,,,,,,,,,,,,,,,,,,,,,,,,,,,,,,,,,,,,,,
Jun-2015,429850,309100,245160,43640,156500,10170,20440,18720,1233570,,,,,,,,,,,,,,,,,,,,,,,,,,,,,,,,,,,,,,,,,,,,,
Jul-2015,560700,415620,331510,66090,206510,13850,22160,29690,1646140,,,,,,,,,,,,,,,,,,,,,,,,,,,,,,,,,,,,,,,,,,,,,
Aug-2015,498990,358930,277390,57920,179050,11410,16140,19370,1419480,,,,,,,,,,,,,,,,,,,,,,,,,,,,,,,,,,,,,,,,,,,,,
Sep-2015,505900,371530,293870,54440,185070,11380,15740,18950,1456880,,,,,,,,,,,,,,,,,,,,,,,,,,,,,,,,,,,,,,,,,,,,,
Oct-2015,583690,413060,324440,66510,207250,15310,15600,24530,1650380,,,,,,,,,,,,,,,,,,,,,,,,,,,,,,,,,,,,,,,,,,,,,
Nov-2015,515240,370120,272080,50720,170380,11980,14830,19350,1424700,,,,,,,,,,,,,,,,,,,,,,,,,,,,,,,,,,,,,,,,,,,,,
Dec-2015,587670,401740,309530,56170,184470,14790,11440,18390,1584200,,,,,,,,,,,,,,,,,,,,,,,,,,,,,,,,,,,,,,,,,,,,,
Jan-2016,699530,481330,347800,67750,250790,12760,19360,28910,1908270,,,,,,,,,,,,,,,,,,,,,,,,,,,,,,,,,,,,,,,,,,,,,
Feb-2016,577680,407130,282530,56920,186630,14260,12880,22100,1560130,,,,,,,,,,,,,,,,,,,,,,,,,,,,,,,,,,,,,,,,,,,,,
Mar-2016,552650,369480,282800,53450,179460,10960,13020,18130,1479930,,,,,,,,,,,,,,,,,,,,,,,,,,,,,,,,,,,,,,,,,,,,,
Apr-2016,539300,373380,279120,50910,182030,10630,16950,21370,1473700,,,,,,,,,,,,,,,,,,,,,,,,,,,,,,,,,,,,,,,,,,,,,
May-2016,475200,322660,257200,50070,160520,9850,12990,16330,1304820,,,,,,,,,,,,,,,,,,,,,,,,,,,,,,,,,,,,,,,,,,,,,
Jun-2016,461220,347280,263480,50150,162940,10950,14020,16770,1326820,,,,,,,,,,,,,,,,,,,,,,,,,,,,,,,,,,,,,,,,,,,,,
Jul-2016,629920,473060,358310,73100,224010,15560,25110,30030,1829100,,,,,,,,,,,,,,,,,,,,,,,,,,,,,,,,,,,,,,,,,,,,,
Aug-2016,528520,388980,300580,58560,185040,12260,18240,19330,1511510,,,,,,,,,,,,,,,,,,,,,,,,,,,,,,,,,,,,,,,,,,,,,
Sep-2016,539890,413200,322470,62520,197330,12800,17390,21690,1587330,,,,,,,,,,,,,,,,,,,,,,,,,,,,,,,,,,,,,,,,,,,,,
Oct-2016,644070,438490,347970,69840,217050,17050,17260,27090,1778870,,,,,,,,,,,,,,,,,,,,,,,,,,,,,,,,,,,,,,,,,,,,,
Nov-2016,555600,393470,279540,52930,180150,15090,14650,21490,1512920,,,,,,,,,,,,,,,,,,,,,,,,,,,,,,,,,,,,,,,,,,,,,
Dec-2016,632570,442440,326710,62580,199690,16800,13070,22350,1716250,,,,,,,,,,,,,,,,,,,,,,,,,,,,,,,,,,,,,,,,,,,,,
Jan-2017,785820,531300,355850,73930,253030,14020,19570,32770,2066340,,,,,,,,,,,,,,,,,,,,,,,,,,,,,,,,,,,,,,,,,,,,,
Feb-2017,612040,432020,282610,61320,186870,14720,16180,25550,1631360,,,,,,,,,,,,,,,,,,,,,,,,,,,,,,,,,,,,,,,,,,,,,
Mar-2017,570290,391630,288270,54060,171770,12150,14670,19770,1522680,,,,,,,,,,,,,,,,,,,,,,,,,,,,,,,,,,,,,,,,,,,,,
Apr-2017,619380,420090,305350,53980,196570,11820,18220,24310,1649770,,,,,,,,,,,,,,,,,,,,,,,,,,,,,,,,,,,,,,,,,,,,,
May-2017,513340,353010,268690,56400,164070,12330,15260,17970,1401070,,,,,,,,,,,,,,,,,,,,,,,,,,,,,,,,,,,,,,,,,,,,,
Jun-2017,500240,371490,283020,50540,165690,13150,16960,20000,1421130,,,,,,,,,,,,,,,,,,,,,,,,,,,,,,,,,,,,,,,,,,,,,
Jul-2017,669550,491160,379550,76860,213540,18230,25170,34590,1909100,,,,,,,,,,,,,,,,,,,,,,,,,,,,,,,,,,,,,,,,,,,,,
Aug-2017,570860,423360,322590,63260,183800,14900,21100,23580,1623620,,,,,,,,,,,,,,,,,,,,,,,,,,,,,,,,,,,,,,,,,,,,,
Sep-2017,581240,422720,343590,68030,189540,15060,20280,25530,1666150,,,,,,,,,,,,,,,,,,,,,,,,,,,,,,,,,,,,,,,,,,,,,
Oct-2017,679820,475610,356700,72410,222130,20370,23480,28890,1879610,,,,,,,,,,,,,,,,,,,,,,,,,,,,,,,,,,,,,,,,,,,,,
Nov-2017,590280,414150,302910,59490,176170,15990,19970,23090,1602190,,,,,,,,,,,,,,,,,,,,,,,,,,,,,,,,,,,,,,,,,,,,,
Dec-2017,645890,449050,346930,60480,192880,20370,14640,24610,1755130,,,,,,,,,,,,,,,,,,,,,,,,,,,,,,,,,,,,,,,,,,,,,
Jan-2018,790080,544980,389630,82590,249150,16880,21440,35350,2130700,,,,,,,,,,,,,,,,,,,,,,,,,,,,,,,,,,,,,,,,,,,,,
Feb-2018,644860,459680,311370,65300,183830,19650,13080,31240,1729160,,,,,,,,,,,,,,,,,,,,,,,,,,,,,,,,,,,,,,,,,,,,,
Mar-2018,624850,436350,324060,59730,185060,16370,12720,23110,1682320,,,,,,,,,,,,,,,,,,,,,,,,,,,,,,,,,,,,,,,,,,,,,
Apr-2018,606400,438950,318810,63180,180920,15100,15150,29440,1668310,,,,,,,,,,,,,,,,,,,,,,,,,,,,,,,,,,,,,,,,,,,,,
May-2018,538120,368600,287950,59690,172200,14380,13200,26180,1480380,,,,,,,,,,,,,,,,,,,,,,,,,,,,,,,,,,,,,,,,,,,,,
Jun-2018,520100,404770,309990,54930,171200,14010,13280,24630,1513000,,,,,,,,,,,,,,,,,,,,,,,,,,,,,,,,,,,,,,,,,,,,,
Jul-2018,686690,549090,408700,75040,214680,19220,17720,38190,2009860,,,,,,,,,,,,,,,,,,,,,,,,,,,,,,,,,,,,,,,,,,,,,
Aug-2018,592030,462430,359060,65030,185330,14290,15550,24620,1718580,,,,,,,,,,,,,,,,,,,,,,,,,,,,,,,,,,,,,,,,,,,,,
Sep-2018,588180,471660,349420,66340,190450,16280,14010,25530,1721970,,,,,,,,,,,,,,,,,,,,,,,,,,,,,,,,,,,,,,,,,,,,,
Oct-2018,705920,524950,381890,73170,210470,21690,13410,32070,1963730,,,,,,,,,,,,,,,,,,,,,,,,,,,,,,,,,,,,,,,,,,,,,
Nov-2018,602150,461280,305560,63850,179230,18320,12960,24480,1667980,,,,,,,,,,,,,,,,,,,,,,,,,,,,,,,,,,,,,,,,,,,,,
Dec-2018,674150,486340,366920,64640,200780,22190,12350,26060,1853600,,,,,,,,,,,,,,,,,,,,,,,,,,,,,,,,,,,,,,,,,,,,,
Jan-2019,813630,596370,411220,80290,242850,18300,17530,37400,2217890,,,,,,,,,,,,,,,,,,,,,,,,,,,,,,,,,,,,,,,,,,,,,
Feb-2019,651190,500350,313720,67880,187920,20680,13600,32880,1788430,,,,,,,,,,,,,,,,,,,,,,,,,,,,,,,,,,,,,,,,,,,,,
Mar-2019,590880,458050,322850,62040,173670,17560,12000,22970,1660140,,,,,,,,,,,,,,,,,,,,,,,,,,,,,,,,,,,,,,,,,,,,,
Apr-2019,600940,455230,323180,59670,179650,15220,15360,24830,1674400,,,,,,,,,,,,,,,,,,,,,,,,,,,,,,,,,,,,,,,,,,,,,
May-2019,570120,420450,312130,62480,170090,15660,13580,23270,1587870,,,,,,,,,,,,,,,,,,,,,,,,,,,,,,,,,,,,,,,,,,,,,
Jun-2019,535670,424740,318590,60030,169790,14470,14520,24270,1562130,,,,,,,,,,,,,,,,,,,,,,,,,,,,,,,,,,,,,,,,,,,,,
Jul-2019,670310,555380,410700,78900,216650,20200,19790,36600,2008780,,,,,,,,,,,,,,,,,,,,,,,,,,,,,,,,,,,,,,,,,,,,,
Aug-2019,618430,475830,357020,71750,197540,18140,17210,26600,1782670,,,,,,,,,,,,,,,,,,,,,,,,,,,,,,,,,,,,,,,,,,,,,
Sep-2019,595220,477130,345060,72960,194340,16850,16970,27330,1746100,,,,,,,,,,,,,,,,,,,,,,,,,,,,,,,,,,,,,,,,,,,,,
Oct-2019,699880,521120,382780,84040,222580,21560,16580,30490,1979190,,,,,,,,,,,,,,,,,,,,,,,,,,,,,,,,,,,,,,,,,,,,,
Nov-2019,603570,474530,324850,64100,195840,20470,11920,26450,1721900,,,,,,,,,,,,,,,,,,,,,,,,,,,,,,,,,,,,,,,,,,,,,
Dec-2019,655820,513090,377490,68800,211420,22720,11550,28250,1889300,,,,,,,,,,,,,,,,,,,,,,,,,,,,,,,,,,,,,,,,,,,,,
Jan-2020,803980,609400,428180,81290,260650,20650,17330,35570,2257280,,,,,,,,,,,,,,,,,,,,,,,,,,,,,,,,,,,,,,,,,,,,,
Feb-2020,546330,426000,286860,61960,189340,18510,12380,27010,1568650,,,,,,,,,,,,,,,,,,,,,,,,,,,,,,,,,,,,,,,,,,,,,
Mar-2020,303700,255220,187900,38070,104850,10110,6950,14890,921950,,,,,,,,,,,,,,,,,,,,,,,,,,,,,,,,,,,,,,,,,,,,,
Apr-2020,7090,5630,4200,960,2430,210,150,490,21170,,,,,,,,,,,,,,,,,,,,,,,,,,,,,,,,,,,,,,,,,,,,,
May-2020,7210,5020,3560,760,1850,140,180,380,19120,,,,,,,,,,,,,,,,,,,,,,,,,,,,,,,,,,,,,,,,,,,,,
Jun-2020,9240,6050,5570,790,2350,170,410,540,25120,,,,,,,,,,,,,,,,,,,,,,,,,,,,,,,,,,,,,,,,,,,,,
Jul-2020,8080,2070,3360,570,2400,140,120,490,17260,,,,,,,,,,,,,,,,,,,,,,,,,,,,,,,,,,,,,,,,,,,,,
Aug-2020,8480,1500,2320,360,1630,120,140,370,14940,,,,,,,,,,,,,,,,,,,,,,,,,,,,,,,,,,,,,,,,,,,,,
Sep-2020,8880,1940,2520,520,1420,100,390,430,16200,,,,,,,,,,,,,,,,,,,,,,,,,,,,,,,,,,,,,,,,,,,,,
Oct-2020,13450,2960,3440,830,2190,170,160,520,23710,,,,,,,,,,,,,,,,,,,,,,,,,,,,,,,,,,,,,,,,,,,,,
Nov-2020,17430,3570,3850,970,2450,230,220,600,29330,,,,,,,,,,,,,,,,,,,,,,,,,,,,,,,,,,,,,,,,,,,,,
Dec-2020,18270,6960,4460,1020,2570,490,150,750,34670,,,,,,,,,,,,,,,,,,,,,,,,,,,,,,,,,,,,,,,,,,,,,
Jan-2021,13000,7570,5010,1260,2610,500,310,890,31160,,,,,,,,,,,,,,,,,,,,,,,,,,,,,,,,,,,,,,,,,,,,,
Feb-2021,11720,4960,4440,920,2240,240,180,510,25210,,,,,,,,,,,,,,,,,,,,,,,,,,,,,,,,,,,,,,,,,,,,,
Mar-2021,16180,6000,4610,940,2930,300,530,490,31990,,,,,,,,,,,,,,,,,,,,,,,,,,,,,,,,,,,,,,,,,,,,,
Apr-2021,27440,10740,9530,1520,3360,450,270,590,53910,,,,,,,,,,,,,,,,,,,,,,,,,,,,,,,,,,,,,,,,,,,,,
May-2021,57680,20850,24420,2470,6440,910,510,1210,114520,,,,,,,,,,,,,,,,,,,,,,,,,,,,,,,,,,,,,,,,,,,,,
Jun-2021,55290,9390,26050,2450,6480,890,580,1340,102480,,,,,,,,,,,,,,,,,,,,,,,,,,,,,,,,,,,,,,,,,,,,,
,,,,,,,,,,,,,,,,,,,,,,,,,,,,,,,,,,,,,,,,,,,,,,,,,,,,,,
© Commonwealth of Australia 2021,,,,,,,,,,,,,,,,,,,,,,,,,,,,,,,,,,,,,,,,,,,,,,,,,,,,,,
